-- --------------------------------------------------------
-- Host:                         localhost
-- Versión del servidor:         5.7.24 - MySQL Community Server (GPL)
-- SO del servidor:              Win32
-- HeidiSQL Versión:             10.2.0.5599
-- --------------------------------------------------------

/*!40101 SET @OLD_CHARACTER_SET_CLIENT=@@CHARACTER_SET_CLIENT */;
/*!40101 SET NAMES utf8 */;
/*!50503 SET NAMES utf8mb4 */;
/*!40014 SET @OLD_FOREIGN_KEY_CHECKS=@@FOREIGN_KEY_CHECKS, FOREIGN_KEY_CHECKS=0 */;
/*!40101 SET @OLD_SQL_MODE=@@SQL_MODE, SQL_MODE='NO_AUTO_VALUE_ON_ZERO' */;

-- Volcando datos para la tabla app_store.cart: ~0 rows (aproximadamente)
/*!40000 ALTER TABLE `cart` DISABLE KEYS */;
/*!40000 ALTER TABLE `cart` ENABLE KEYS */;

-- Volcando datos para la tabla app_store.categories: ~8 rows (aproximadamente)
/*!40000 ALTER TABLE `categories` DISABLE KEYS */;
INSERT IGNORE INTO `categories` (`id`, `parent_id`, `name`, `description`, `url`, `status`, `remember_token`, `created_at`, `updated_at`) VALUES
	(10, 0, 'House', 'House Category', 'https://www.strappinc.com/', 1, NULL, '2019-08-10 11:58:13', '2019-08-10 11:58:13'),
	(11, 0, 'Shoes', 'Shoes Category', 'https://www.strappinc.com/', 1, NULL, '2019-08-10 11:58:13', '2019-08-10 11:58:13'),
	(12, 0, 'Car', 'Car Category', 'https://www.strappinc.com/', 1, NULL, '2019-08-10 11:58:13', '2019-08-10 11:58:13'),
	(13, 0, 'Computer', 'Computer Category', 'https://www.strappinc.com/', 1, NULL, '2019-08-10 11:58:13', '2019-08-10 11:58:13'),
	(14, 0, 'Cloths', 'Cloths Category', 'https://www.strappinc.com/', 1, NULL, '2019-08-10 11:58:13', '2019-08-10 11:58:13'),
	(15, 12, 'Toyota', 'Toyota Sub Category of Car', 'https://www.strappinc.com/', 1, NULL, '2019-08-10 11:58:13', '2019-08-10 11:58:13'),
	(16, 10, 'Link House', 'Link House Sub Category', 'https://www.strappinc.com/', 1, NULL, '2019-08-10 11:58:13', '2019-08-10 11:58:13'),
	(17, 11, 'Man Shoes', 'Man Shoes Sub Category of Shoes', 'https://www.strappinc.com/', 1, NULL, '2019-08-10 11:58:13', '2019-08-10 11:58:13');
/*!40000 ALTER TABLE `categories` ENABLE KEYS */;

-- Volcando datos para la tabla app_store.countries: ~296 rows (aproximadamente)
/*!40000 ALTER TABLE `countries` DISABLE KEYS */;
INSERT IGNORE INTO `countries` (`id`, `country_code`, `country_name`, `created_at`, `updated_at`) VALUES
	(2, 'AL', 'Albania', NULL, NULL),
	(3, 'DZ', 'Algeria', NULL, NULL),
	(4, 'DS', 'American Samoa', NULL, NULL),
	(5, 'AD', 'Andorra', NULL, NULL),
	(6, 'AO', 'Angola', NULL, NULL),
	(7, 'AI', 'Anguilla', NULL, NULL),
	(8, 'AQ', 'Antarctica', NULL, NULL),
	(9, 'AG', 'Antigua and Barbuda', NULL, NULL),
	(10, 'AR', 'Argentina', NULL, NULL),
	(11, 'AM', 'Armenia', NULL, NULL),
	(12, 'AW', 'Aruba', NULL, NULL),
	(13, 'AU', 'Australia', NULL, NULL),
	(14, 'AT', 'Austria', NULL, NULL),
	(15, 'AZ', 'Azerbaijan', NULL, NULL),
	(16, 'BS', 'Bahamas', NULL, NULL),
	(17, 'BH', 'Bahrain', NULL, NULL),
	(18, 'BD', 'Bangladesh', NULL, NULL),
	(19, 'BB', 'Barbados', NULL, NULL),
	(20, 'BY', 'Belarus', NULL, NULL),
	(21, 'BE', 'Belgium', NULL, NULL),
	(22, 'BZ', 'Belize', NULL, NULL),
	(23, 'BJ', 'Benin', NULL, NULL),
	(24, 'BM', 'Bermuda', NULL, NULL),
	(25, 'BT', 'Bhutan', NULL, NULL),
	(26, 'BO', 'Bolivia', NULL, NULL),
	(27, 'BA', 'Bosnia and Herzegovina', NULL, NULL),
	(28, 'BW', 'Botswana', NULL, NULL),
	(29, 'BV', 'Bouvet Island', NULL, NULL),
	(30, 'BR', 'Brazil', NULL, NULL),
	(31, 'IO', 'British Indian Ocean Territory', NULL, NULL),
	(32, 'BN', 'Brunei Darussalam', NULL, NULL),
	(33, 'BG', 'Bulgaria', NULL, NULL),
	(34, 'BF', 'Burkina Faso', NULL, NULL),
	(35, 'BI', 'Burundi', NULL, NULL),
	(36, 'KH', 'Cambodia', NULL, NULL),
	(37, 'CM', 'Cameroon', NULL, NULL),
	(38, 'CA', 'Canada', NULL, NULL),
	(39, 'CV', 'Cape Verde', NULL, NULL),
	(40, 'KY', 'Cayman Islands', NULL, NULL),
	(41, 'CF', 'Central African Republic', NULL, NULL),
	(42, 'TD', 'Chad', NULL, NULL),
	(43, 'CL', 'Chile', NULL, NULL),
	(44, 'CN', 'China', NULL, NULL),
	(45, 'CX', 'Christmas Island', NULL, NULL),
	(46, 'CC', 'Cocos (Keeling) Islands', NULL, NULL),
	(47, 'CO', 'Colombia', NULL, NULL),
	(48, 'KM', 'Comoros', NULL, NULL),
	(49, 'CG', 'Congo', NULL, NULL),
	(50, 'CK', 'Cook Islands', NULL, NULL),
	(51, 'CR', 'Costa Rica', NULL, NULL),
	(52, 'AF', 'Afghanistan', NULL, NULL),
	(53, 'AL', 'Albania', NULL, NULL),
	(54, 'DZ', 'Algeria', NULL, NULL),
	(55, 'DS', 'American Samoa', NULL, NULL),
	(56, 'AD', 'Andorra', NULL, NULL),
	(57, 'AO', 'Angola', NULL, NULL),
	(58, 'AI', 'Anguilla', NULL, NULL),
	(59, 'AQ', 'Antarctica', NULL, NULL),
	(60, 'AG', 'Antigua and Barbuda', NULL, NULL),
	(61, 'AR', 'Argentina', NULL, NULL),
	(62, 'AM', 'Armenia', NULL, NULL),
	(63, 'AW', 'Aruba', NULL, NULL),
	(64, 'AU', 'Australia', NULL, NULL),
	(65, 'AT', 'Austria', NULL, NULL),
	(66, 'AZ', 'Azerbaijan', NULL, NULL),
	(67, 'BS', 'Bahamas', NULL, NULL),
	(68, 'BH', 'Bahrain', NULL, NULL),
	(69, 'BD', 'Bangladesh', NULL, NULL),
	(70, 'BB', 'Barbados', NULL, NULL),
	(71, 'BY', 'Belarus', NULL, NULL),
	(72, 'BE', 'Belgium', NULL, NULL),
	(73, 'BZ', 'Belize', NULL, NULL),
	(74, 'BJ', 'Benin', NULL, NULL),
	(75, 'BM', 'Bermuda', NULL, NULL),
	(76, 'BT', 'Bhutan', NULL, NULL),
	(77, 'BO', 'Bolivia', NULL, NULL),
	(78, 'BA', 'Bosnia and Herzegovina', NULL, NULL),
	(79, 'BW', 'Botswana', NULL, NULL),
	(80, 'BV', 'Bouvet Island', NULL, NULL),
	(81, 'BR', 'Brazil', NULL, NULL),
	(82, 'IO', 'British Indian Ocean Territory', NULL, NULL),
	(83, 'BN', 'Brunei Darussalam', NULL, NULL),
	(84, 'BG', 'Bulgaria', NULL, NULL),
	(85, 'BF', 'Burkina Faso', NULL, NULL),
	(86, 'BI', 'Burundi', NULL, NULL),
	(87, 'KH', 'Cambodia', NULL, NULL),
	(88, 'CM', 'Cameroon', NULL, NULL),
	(89, 'CA', 'Canada', NULL, NULL),
	(90, 'CV', 'Cape Verde', NULL, NULL),
	(91, 'KY', 'Cayman Islands', NULL, NULL),
	(92, 'CF', 'Central African Republic', NULL, NULL),
	(93, 'TD', 'Chad', NULL, NULL),
	(94, 'CL', 'Chile', NULL, NULL),
	(95, 'CN', 'China', NULL, NULL),
	(96, 'CX', 'Christmas Island', NULL, NULL),
	(97, 'CC', 'Cocos (Keeling) Islands', NULL, NULL),
	(98, 'CO', 'Colombia', NULL, NULL),
	(99, 'KM', 'Comoros', NULL, NULL),
	(100, 'CG', 'Congo', NULL, NULL),
	(101, 'CK', 'Cook Islands', NULL, NULL),
	(102, 'CR', 'Costa Rica', NULL, NULL),
	(103, 'HR', 'Croatia (Hrvatska)', NULL, NULL),
	(104, 'CU', 'Cuba', NULL, NULL),
	(105, 'CY', 'Cyprus', NULL, NULL),
	(106, 'CZ', 'Czech Republic', NULL, NULL),
	(107, 'DK', 'Denmark', NULL, NULL),
	(108, 'DJ', 'Djibouti', NULL, NULL),
	(109, 'DM', 'Dominica', NULL, NULL),
	(110, 'DO', 'Dominican Republic', NULL, NULL),
	(111, 'TP', 'East Timor', NULL, NULL),
	(112, 'EC', 'Ecuador', NULL, NULL),
	(113, 'EG', 'Egypt', NULL, NULL),
	(114, 'SV', 'El Salvador', NULL, NULL),
	(115, 'GQ', 'Equatorial Guinea', NULL, NULL),
	(116, 'ER', 'Eritrea', NULL, NULL),
	(117, 'EE', 'Estonia', NULL, NULL),
	(118, 'ET', 'Ethiopia', NULL, NULL),
	(119, 'FK', 'Falkland Islands (Malvinas)', NULL, NULL),
	(120, 'FO', 'Faroe Islands', NULL, NULL),
	(121, 'FJ', 'Fiji', NULL, NULL),
	(122, 'FI', 'Finland', NULL, NULL),
	(123, 'FR', 'France', NULL, NULL),
	(124, 'FX', 'France, Metropolitan', NULL, NULL),
	(125, 'GF', 'French Guiana', NULL, NULL),
	(126, 'PF', 'French Polynesia', NULL, NULL),
	(127, 'TF', 'French Southern Territories', NULL, NULL),
	(128, 'GA', 'Gabon', NULL, NULL),
	(129, 'GM', 'Gambia', NULL, NULL),
	(130, 'GE', 'Georgia', NULL, NULL),
	(131, 'DE', 'Germany', NULL, NULL),
	(132, 'GH', 'Ghana', NULL, NULL),
	(133, 'GI', 'Gibraltar', NULL, NULL),
	(134, 'GK', 'Guernsey', NULL, NULL),
	(135, 'GR', 'Greece', NULL, NULL),
	(136, 'GL', 'Greenland', NULL, NULL),
	(137, 'GD', 'Grenada', NULL, NULL),
	(138, 'GP', 'Guadeloupe', NULL, NULL),
	(139, 'GU', 'Guam', NULL, NULL),
	(140, 'GT', 'Guatemala', NULL, NULL),
	(141, 'GN', 'Guinea', NULL, NULL),
	(142, 'GW', 'Guinea-Bissau', NULL, NULL),
	(143, 'GY', 'Guyana', NULL, NULL),
	(144, 'HT', 'Haiti', NULL, NULL),
	(145, 'HM', 'Heard and Mc Donald Islands', NULL, NULL),
	(146, 'HN', 'Honduras', NULL, NULL),
	(147, 'HK', 'Hong Kong', NULL, NULL),
	(148, 'HU', 'Hungary', NULL, NULL),
	(149, 'IS', 'Iceland', NULL, NULL),
	(150, 'IN', 'India', NULL, NULL),
	(151, 'IM', 'Isle of Man', NULL, NULL),
	(152, 'ID', 'Indonesia', NULL, NULL),
	(153, 'IR', 'Iran (Islamic Republic of)', NULL, NULL),
	(154, 'IQ', 'Iraq', NULL, NULL),
	(155, 'IE', 'Ireland', NULL, NULL),
	(156, 'IL', 'Israel', NULL, NULL),
	(157, 'IT', 'Italy', NULL, NULL),
	(158, 'CI', 'Ivory Coast', NULL, NULL),
	(159, 'JE', 'Jersey', NULL, NULL),
	(160, 'JM', 'Jamaica', NULL, NULL),
	(161, 'JP', 'Japan', NULL, NULL),
	(162, 'JO', 'Jordan', NULL, NULL),
	(163, 'KZ', 'Kazakhstan', NULL, NULL),
	(164, 'KE', 'Kenya', NULL, NULL),
	(165, 'KI', 'Kiribati', NULL, NULL),
	(166, 'KP', 'Korea, Democratic People\'s Republic of', NULL, NULL),
	(167, 'KR', 'Korea, Republic of', NULL, NULL),
	(168, 'XK', 'Kosovo', NULL, NULL),
	(169, 'KW', 'Kuwait', NULL, NULL),
	(170, 'KG', 'Kyrgyzstan', NULL, NULL),
	(171, 'LA', 'Lao People\'s Democratic Republic', NULL, NULL),
	(172, 'LV', 'Latvia', NULL, NULL),
	(173, 'LB', 'Lebanon', NULL, NULL),
	(174, 'LS', 'Lesotho', NULL, NULL),
	(175, 'LR', 'Liberia', NULL, NULL),
	(176, 'LY', 'Libyan Arab Jamahiriya', NULL, NULL),
	(177, 'LI', 'Liechtenstein', NULL, NULL),
	(178, 'LT', 'Lithuania', NULL, NULL),
	(179, 'LU', 'Luxembourg', NULL, NULL),
	(180, 'MO', 'Macau', NULL, NULL),
	(181, 'MK', 'Macedonia', NULL, NULL),
	(182, 'MG', 'Madagascar', NULL, NULL),
	(183, 'MW', 'Malawi', NULL, NULL),
	(184, 'MY', 'Malaysia', NULL, NULL),
	(185, 'MV', 'Maldives', NULL, NULL),
	(186, 'ML', 'Mali', NULL, NULL),
	(187, 'MT', 'Malta', NULL, NULL),
	(188, 'MH', 'Marshall Islands', NULL, NULL),
	(189, 'MQ', 'Martinique', NULL, NULL),
	(190, 'MR', 'Mauritania', NULL, NULL),
	(191, 'MU', 'Mauritius', NULL, NULL),
	(192, 'TY', 'Mayotte', NULL, NULL),
	(193, 'MX', 'Mexico', NULL, NULL),
	(194, 'FM', 'Micronesia, Federated States of', NULL, NULL),
	(195, 'MD', 'Moldova, Republic of', NULL, NULL),
	(196, 'MC', 'Monaco', NULL, NULL),
	(197, 'MN', 'Mongolia', NULL, NULL),
	(198, 'ME', 'Montenegro', NULL, NULL),
	(199, 'MS', 'Montserrat', NULL, NULL),
	(200, 'MA', 'Morocco', NULL, NULL),
	(201, 'MZ', 'Mozambique', NULL, NULL),
	(202, 'MM', 'Myanmar', NULL, NULL),
	(203, 'NA', 'Namibia', NULL, NULL),
	(204, 'NR', 'Nauru', NULL, NULL),
	(205, 'NP', 'Nepal', NULL, NULL),
	(206, 'NL', 'Netherlands', NULL, NULL),
	(207, 'AN', 'Netherlands Antilles', NULL, NULL),
	(208, 'NC', 'New Caledonia', NULL, NULL),
	(209, 'NZ', 'New Zealand', NULL, NULL),
	(210, 'NI', 'Nicaragua', NULL, NULL),
	(211, 'NE', 'Niger', NULL, NULL),
	(212, 'NG', 'Nigeria', NULL, NULL),
	(213, 'NU', 'Niue', NULL, NULL),
	(214, 'NF', 'Norfolk Island', NULL, NULL),
	(215, 'MP', 'Northern Mariana Islands', NULL, NULL),
	(216, 'NO', 'Norway', NULL, NULL),
	(217, 'OM', 'Oman', NULL, NULL),
	(218, 'PK', 'Pakistan', NULL, NULL),
	(219, 'PW', 'Palau', NULL, NULL),
	(220, 'PS', 'Palestine', NULL, NULL),
	(221, 'PA', 'Panama', NULL, NULL),
	(222, 'PG', 'Papua New Guinea', NULL, NULL),
	(223, 'PY', 'Paraguay', NULL, NULL),
	(224, 'PE', 'Peru', NULL, NULL),
	(225, 'PH', 'Philippines', NULL, NULL),
	(226, 'PN', 'Pitcairn', NULL, NULL),
	(227, 'PL', 'Poland', NULL, NULL),
	(228, 'PT', 'Portugal', NULL, NULL),
	(229, 'PR', 'Puerto Rico', NULL, NULL),
	(230, 'QA', 'Qatar', NULL, NULL),
	(231, 'RE', 'Reunion', NULL, NULL),
	(232, 'RO', 'Romania', NULL, NULL),
	(233, 'RU', 'Russian Federation', NULL, NULL),
	(234, 'RW', 'Rwanda', NULL, NULL),
	(235, 'KN', 'Saint Kitts and Nevis', NULL, NULL),
	(236, 'LC', 'Saint Lucia', NULL, NULL),
	(237, 'VC', 'Saint Vincent and the Grenadines', NULL, NULL),
	(238, 'WS', 'Samoa', NULL, NULL),
	(239, 'SM', 'San Marino', NULL, NULL),
	(240, 'ST', 'Sao Tome and Principe', NULL, NULL),
	(241, 'SA', 'Saudi Arabia', NULL, NULL),
	(242, 'SN', 'Senegal', NULL, NULL),
	(243, 'RS', 'Serbia', NULL, NULL),
	(244, 'SC', 'Seychelles', NULL, NULL),
	(245, 'SL', 'Sierra Leone', NULL, NULL),
	(246, 'SG', 'Singapore', NULL, NULL),
	(247, 'SK', 'Slovakia', NULL, NULL),
	(248, 'SI', 'Slovenia', NULL, NULL),
	(249, 'SB', 'Solomon Islands', NULL, NULL),
	(250, 'SO', 'Somalia', NULL, NULL),
	(251, 'ZA', 'South Africa', NULL, NULL),
	(252, 'GS', 'South Georgia South Sandwich Islands', NULL, NULL),
	(253, 'SS', 'South Sudan', NULL, NULL),
	(254, 'ES', 'Spain', NULL, NULL),
	(255, 'LK', 'Sri Lanka', NULL, NULL),
	(256, 'SH', 'St. Helena', NULL, NULL),
	(257, 'PM', 'St. Pierre and Miquelon', NULL, NULL),
	(258, 'SD', 'Sudan', NULL, NULL),
	(259, 'SR', 'Suriname', NULL, NULL),
	(260, 'SJ', 'Svalbard and Jan Mayen Islands', NULL, NULL),
	(261, 'SZ', 'Swaziland', NULL, NULL),
	(262, 'SE', 'Sweden', NULL, NULL),
	(263, 'CH', 'Switzerland', NULL, NULL),
	(264, 'SY', 'Syrian Arab Republic', NULL, NULL),
	(265, 'TW', 'Taiwan', NULL, NULL),
	(266, 'TJ', 'Tajikistan', NULL, NULL),
	(267, 'TZ', 'Tanzania, United Republic of', NULL, NULL),
	(268, 'TH', 'Thailand', NULL, NULL),
	(269, 'TG', 'Togo', NULL, NULL),
	(270, 'TK', 'Tokelau', NULL, NULL),
	(271, 'TO', 'Tonga', NULL, NULL),
	(272, 'TT', 'Trinidad and Tobago', NULL, NULL),
	(273, 'TN', 'Tunisia', NULL, NULL),
	(274, 'TR', 'Turkey', NULL, NULL),
	(275, 'TM', 'Turkmenistan', NULL, NULL),
	(276, 'TC', 'Turks and Caicos Islands', NULL, NULL),
	(277, 'TV', 'Tuvalu', NULL, NULL),
	(278, 'UG', 'Uganda', NULL, NULL),
	(279, 'UA', 'Ukraine', NULL, NULL),
	(280, 'AE', 'United Arab Emirates', NULL, NULL),
	(281, 'GB', 'United Kingdom', NULL, NULL),
	(282, 'US', 'United States', NULL, NULL),
	(283, 'UM', 'United States minor outlying islands', NULL, NULL),
	(284, 'UY', 'Uruguay', NULL, NULL),
	(285, 'UZ', 'Uzbekistan', NULL, NULL),
	(286, 'VU', 'Vanuatu', NULL, NULL),
	(287, 'VA', 'Vatican City State', NULL, NULL),
	(288, 'VE', 'Venezuela', NULL, NULL),
	(289, 'VN', 'Vietnam', NULL, NULL),
	(290, 'VG', 'Virgin Islands (British)', NULL, NULL),
	(291, 'VI', 'Virgin Islands (U.S.)', NULL, NULL),
	(292, 'WF', 'Wallis and Futuna Islands', NULL, NULL),
	(293, 'EH', 'Western Sahara', NULL, NULL),
	(294, 'YE', 'Yemen', NULL, NULL),
	(295, 'ZR', 'Zaire', NULL, NULL),
	(296, 'ZM', 'Zambia', NULL, NULL),
	(297, 'ZW', 'Zimbabwe', NULL, NULL);
/*!40000 ALTER TABLE `countries` ENABLE KEYS */;

-- Volcando datos para la tabla app_store.coupons: ~0 rows (aproximadamente)
/*!40000 ALTER TABLE `coupons` DISABLE KEYS */;
INSERT IGNORE INTO `coupons` (`id`, `coupon_code`, `amount`, `amount_type`, `expiry_date`, `status`, `created_at`, `updated_at`) VALUES
	(6, 'Coupon001', 10, 'Percentage', '2019-12-06', 1, '2019-08-09 20:19:15', '2019-08-09 20:19:15');
/*!40000 ALTER TABLE `coupons` ENABLE KEYS */;

-- Volcando datos para la tabla app_store.delivery_address: ~2 rows (aproximadamente)
/*!40000 ALTER TABLE `delivery_address` DISABLE KEYS */;
INSERT IGNORE INTO `delivery_address` (`id`, `users_id`, `users_email`, `name`, `address`, `city`, `state`, `country`, `pincode`, `mobile`, `created_at`, `updated_at`) VALUES
	(2, 4, 'weshare@gmail.com', 'weshare', 'address', 'city', 'state', 'Cambodia', 'pincode', 'mobile', NULL, NULL),
	(3, 18, 'demo@gmail.com', 'WeShare', '123 Street', 'Phnom Penh', 'PP', 'Cambodia', '12252', '010313234', NULL, NULL);
/*!40000 ALTER TABLE `delivery_address` ENABLE KEYS */;

-- Volcando datos para la tabla app_store.image_gallery_models: ~27 rows (aproximadamente)
/*!40000 ALTER TABLE `image_gallery_models` DISABLE KEYS */;
INSERT IGNORE INTO `image_gallery_models` (`id`, `products_id`, `image`, `created_at`, `updated_at`) VALUES
	(8, 27, '7664271544063472.jpg', '2019-08-09 19:31:12', '2019-08-09 19:31:12'),
	(9, 27, '6768551544063472.jpg', '2019-08-09 19:31:13', '2019-08-09 19:31:13'),
	(10, 27, '4131281544063473.jpg', '2019-08-09 19:31:13', '2019-08-09 19:31:13'),
	(11, 28, '6720891544063734.jpg', '2019-08-09 19:35:34', '2019-08-09 19:35:34'),
	(12, 28, '4686631544063734.jpg', '2019-08-09 19:35:34', '2019-08-09 19:35:34'),
	(13, 28, '5960611544063759.jpeg', '2019-08-09 19:35:59', '2019-08-09 19:35:59'),
	(14, 29, '5146071544063935.JPG', '2019-08-09 19:38:55', '2019-08-09 19:38:55'),
	(15, 29, '762811544063935.jpg', '2019-08-09 19:38:55', '2019-08-09 19:38:55'),
	(16, 29, '3716041544063935.jpg', '2019-08-09 19:38:56', '2019-08-09 19:38:56'),
	(17, 30, '6832831544064156.jpg', '2019-08-09 19:42:37', '2019-08-09 19:42:37'),
	(18, 30, '1655391544064157.jpg', '2019-08-09 19:42:37', '2019-08-09 19:42:37'),
	(19, 30, '4693601544064157.jpg', '2019-08-09 19:42:37', '2019-08-09 19:42:37'),
	(20, 31, '9233341544064441.jpg', '2019-08-09 19:47:21', '2019-08-09 19:47:21'),
	(21, 31, '8167501544064441.jpg', '2019-08-09 19:47:22', '2019-08-09 19:47:22'),
	(22, 31, '3887071544064442.jpg', '2019-08-09 19:47:22', '2019-08-09 19:47:22'),
	(23, 32, '3998691544064618.jpg', '2019-08-09 19:50:18', '2019-08-09 19:50:18'),
	(24, 32, '1159141544064618.jpg', '2019-08-09 19:50:18', '2019-08-09 19:50:18'),
	(25, 32, '2035101544064618.jpg', '2019-08-09 19:50:18', '2019-08-09 19:50:18'),
	(26, 33, '2128501544064917.jpg', '2019-08-09 19:55:17', '2019-08-09 19:55:17'),
	(27, 33, '5649911544064917.jpg', '2019-08-09 19:55:17', '2019-08-09 19:55:17'),
	(28, 33, '3704141544064917.jpg', '2019-08-09 19:55:17', '2019-08-09 19:55:17'),
	(29, 34, '3899431544065346.JPG', '2019-08-09 20:02:26', '2019-08-09 20:02:26'),
	(30, 34, '119131544065346.jpg', '2019-08-09 20:02:27', '2019-08-09 20:02:27'),
	(31, 34, '6905491544065347.jpg', '2019-08-09 20:02:27', '2019-08-09 20:02:27'),
	(32, 35, '981591544065510.jpeg', '2019-08-09 20:05:10', '2019-08-09 20:05:10'),
	(33, 35, '5320811544065510.jpg', '2019-08-09 20:05:11', '2019-08-09 20:05:11'),
	(34, 35, '1153181544065511.jpg', '2019-08-09 20:05:11', '2019-08-09 20:05:11');
/*!40000 ALTER TABLE `image_gallery_models` ENABLE KEYS */;

-- Volcando datos para la tabla app_store.migrations: ~11 rows (aproximadamente)
/*!40000 ALTER TABLE `migrations` DISABLE KEYS */;
INSERT IGNORE INTO `migrations` (`id`, `migration`, `batch`) VALUES
	(1, '2014_10_12_000000_create_users_table', 1),
	(2, '2014_10_12_100000_create_password_resets_table', 1),
	(3, '2019_08_09_223647_create_products_models_table', 2),
	(4, '2019_08_09_224252_create_cart_models_table', 2),
	(5, '2019_08_09_224422_create_category_models_table', 3),
	(6, '2019_08_09_224558_create_coupon_models_table', 4),
	(7, '2019_08_09_224625_create_image_gallery_models_table', 4),
	(8, '2019_08_09_224708_create_orders_models_table', 4),
	(9, '2019_08_09_224802_create_product_atrr_models_table', 5),
	(10, '2019_08_09_230444_create_delivery_address_table', 5),
	(11, '2019_08_09_231014_create_add_more_fields_to_users_table', 6),
	(12, '2019_08_09_231045_create_countries_table', 6);
/*!40000 ALTER TABLE `migrations` ENABLE KEYS */;

-- Volcando datos para la tabla app_store.orders: ~2 rows (aproximadamente)
/*!40000 ALTER TABLE `orders` DISABLE KEYS */;
INSERT IGNORE INTO `orders` (`id`, `users_id`, `users_email`, `name`, `address`, `city`, `state`, `pincode`, `country`, `mobile`, `shipping_charges`, `coupon_code`, `coupon_amount`, `order_status`, `payment_method`, `grand_total`, `created_at`, `updated_at`) VALUES
	(6, 4, 'weshare@gmail.com', 'weshare', 'address', 'city', 'state', 'pincode', 'Cambodia', 'mobile', 0.00, 'Coupon001', '2', 'success', 'Paypal', '18', '2019-08-09 01:45:09', '2019-08-09 01:45:09'),
	(7, 18, 'demo@gmail.com', 'WeShare', '123 Street', 'Phnom Penh', 'PP', '12252', 'Cambodia', '010313234', 0.00, 'NO Coupon', '0', 'success', 'Paypal', '70', '2019-08-09 18:20:18', '2019-08-09 18:20:18');
/*!40000 ALTER TABLE `orders` ENABLE KEYS */;

-- Volcando datos para la tabla app_store.password_resets: ~0 rows (aproximadamente)
/*!40000 ALTER TABLE `password_resets` DISABLE KEYS */;
/*!40000 ALTER TABLE `password_resets` ENABLE KEYS */;

-- Volcando datos para la tabla app_store.products: ~9 rows (aproximadamente)
/*!40000 ALTER TABLE `products` DISABLE KEYS */;
INSERT IGNORE INTO `products` (`id`, `categories_id`, `p_name`, `p_code`, `p_color`, `description`, `price`, `image`, `created_at`, `updated_at`) VALUES
	(27, 15, '2019 New Toyota Highlander XLE V6', 'XLE V6 FWD', 'White', 'Sunroof, Heated Leather Seats, NAV, 3rd Row Seat, Alloy Wheels, Quad Seats, Rear Air, Power Liftgate. XLE trim. Warranty 5 yrs/60k Miles - Drivetrain Warranty; AND MORE!', 20.00, '1544063425-2019-new-toyota-highlander-xle-v6.jpg', '2019-08-09 19:30:25', '2019-08-09 19:43:57'),
	(28, 15, 'Lexus Rx 330', '12152', 'White', 'EXCELLENT SAFETY FOR YOUR FAMILY<br>Child Safety Locks, Electronic Stability Control, Brake Assist, 4-Wheel ABS, Tire Pressure Monitoring System, 4-Wheel Disc Brakes Safety equipment includes Child Safety Locks', 15.00, '1544063712-lexus-rx-330.jpg', '2019-08-09 19:35:12', '2019-08-09 19:43:48'),
	(29, 12, '2018 Toyota Prius', '1252', 'Red', 'VEHICLE FEATURES<br>Rear Spoiler, MP3 Player, Remote Trunk Release, Keyless Entry, Privacy Glass.&nbsp;', 5.00, '1544063924-2018-toyota-prius.jpg', '2019-08-09 19:38:44', '2019-08-09 19:43:38'),
	(30, 16, 'Link House New LC2', 'L_1252', 'Gray', 'Borey Peng Huoth Cambodia', 10.00, '1544064142-link-house-new-lc2.jpg', '2019-08-09 19:42:22', '2019-08-09 19:42:22'),
	(31, 10, 'House', '5214', 'White and Brown', 'House For Sale', 10.00, '1544064430-house.jpg', '2019-08-09 19:47:10', '2019-08-09 19:47:10'),
	(32, 11, 'Vionic Shoes Brand', '5265', 'All Colors', 'Women Shoes', 12.00, '1544064607-vionic-shoes-brand.jpg', '2019-08-09 19:50:07', '2019-08-09 19:50:07'),
	(33, 17, 'Cole Haan', 'KHR 775659.29', 'Brown', 'Men\'s Original Grand Wingtip Oxfords', 5.00, '1544064903-cole-haan.jpg', '2019-08-09 19:55:03', '2019-08-09 19:55:03'),
	(34, 13, 'Lenovo ThinkPad', '1252', 'Black', 'Lenovo Thinkpad From China', 2.00, '1544065331-lenovo-thinkpad.jpg', '2019-08-09 20:02:12', '2019-08-09 20:02:12'),
	(35, 14, 'Cloths', 'The Man', 'Black', 'Cloths Description here', 2.00, '1544065493-cloths.png', '2019-08-09 20:04:54', '2019-08-09 20:04:54');
/*!40000 ALTER TABLE `products` ENABLE KEYS */;

-- Volcando datos para la tabla app_store.product_att: ~24 rows (aproximadamente)
/*!40000 ALTER TABLE `product_att` DISABLE KEYS */;
INSERT IGNORE INTO `product_att` (`id`, `products_id`, `sku`, `size`, `price`, `stock`, `created_at`, `updated_at`) VALUES
	(11, 35, 'SKU-Black', 'M', 5.00, 10, '2019-08-10 20:07:11', '2019-08-10 20:07:11'),
	(12, 35, 'SKU-White', 'L', 6.00, 2, '2019-08-10 20:07:11', '2019-08-10 20:07:43'),
	(13, 35, 'SKU-Red', 'S', 2.00, 5, '2019-08-10 20:08:05', '2019-08-10 20:08:11'),
	(14, 34, 'SKU-Lenovo X1', '15 inch', 10.00, 2, '2019-08-10 20:08:08', '2019-08-10 20:08:12'),
	(15, 34, 'SKU-Carbon', '14 inch', 4.00, 5, '2019-08-10 20:08:13', '2019-08-10 20:08:14'),
	(16, 33, 'SKU-Haan1', '25', 12.00, 3, '2019-08-10 20:08:15', '2019-08-10 20:08:19'),
	(17, 33, 'SKU-Haan2', '22', 10.00, 1, '2019-08-10 20:07:11', '2019-08-10 20:07:11'),
	(18, 33, 'SKU-Haan3', '19', 2.00, 3, '2019-08-10 20:07:11', '2019-08-10 20:07:11'),
	(19, 32, 'SKU-Vionic1', '20', 10.00, 5, '2019-08-10 20:07:11', '2019-08-10 20:07:11'),
	(20, 32, 'SKU-Vionic2', '20', 15.00, 4, '2019-08-10 20:07:11', '2019-08-10 20:07:11'),
	(21, 32, 'SKU-Vionic3', '30', 20.00, 1, '2019-08-10 20:07:11', '2019-08-10 20:07:11'),
	(22, 31, 'SKU-House1', '5*20', 25.00, 4, '2019-08-10 20:07:11', '2019-08-10 20:07:11'),
	(23, 31, 'SKU-House2', '10*10', 20.00, 2, '2019-08-10 20:07:11', '2019-08-10 20:07:11'),
	(24, 31, 'SKU-House3', '20*20', 20.00, 5, '2019-08-10 20:07:11', '2019-08-10 20:07:11'),
	(25, 30, 'SKU-Link House1', 'Small', 10.00, 5, '2019-08-10 20:07:11', '2019-08-10 20:07:11'),
	(26, 30, 'SKU-House2', 'Medium', 15.00, 23, '2019-08-10 20:07:11', '2019-08-10 20:07:11'),
	(27, 30, 'SKU-House3', 'Large', 5.00, 2, '2019-08-10 20:07:11', '2019-08-10 20:07:11'),
	(28, 29, 'SKU-Prius1', 'One Size', 12.00, 2, '2019-08-10 20:07:11', '2019-08-10 20:07:11'),
	(29, 28, 'SKU-Lexus Red', 'Size Red', 12.00, 12, '2019-08-10 20:07:11', '2019-08-10 20:07:11'),
	(30, 28, 'SKU-Lexus2', 'Size Black', 11.00, 22, '2019-08-10 20:07:11', '2019-08-10 20:07:11'),
	(31, 28, 'SKU-Lexus3', 'Size White', 12.00, 2, '2019-08-10 20:07:11', '2019-08-10 20:07:11'),
	(32, 27, 'SKU-Hilander', 'Size Black', 50.00, 10, '2019-08-10 20:07:11', '2019-08-10 20:07:11'),
	(33, 27, 'SKU-Hilander1', 'Size White', 20.00, 10, '2019-08-10 20:07:11', '2019-08-10 20:07:11'),
	(34, 27, 'SKU-Hilande3', 'Size Red', 20.00, 10, '2019-08-10 20:09:23', '2019-08-10 20:09:27');
/*!40000 ALTER TABLE `product_att` ENABLE KEYS */;

-- Volcando datos para la tabla app_store.users: ~3 rows (aproximadamente)
/*!40000 ALTER TABLE `users` DISABLE KEYS */;
INSERT IGNORE INTO `users` (`id`, `name`, `email`, `email_verified_at`, `password`, `admin`, `remember_token`, `created_at`, `updated_at`, `address`, `city`, `state`, `country`, `pincode`, `mobile`) VALUES
	(1, 'Pedro Leal', 'gaboleal123@gmail.com', NULL, '$2y$10$R/YnHH7B.bSlGi6TyGmxEOwD8bQyNf8uB3Lwdaw5tDkpS0Y7wwlni', NULL, NULL, '2019-08-10 01:03:18', '2019-08-10 01:03:18', NULL, NULL, NULL, NULL, NULL, NULL),
	(4, 'Pedro', 'pedro@gmail.com', NULL, '$2y$10$3Ccxg17LYw/.qS7ib5Xcr.T5po6AXUsnjEcEI4IHcQ0MGkcuRfO.O', NULL, 'za7FtmzYvfzBYmkQtE5tfvStl7dY3Z6uZKSpuRtBRIvlbXzM0csZEQYzjuEb', '2019-08-08 01:40:27', '2019-08-08 01:40:27', NULL, NULL, NULL, NULL, NULL, NULL),
	(18, 'Gabriel', 'gaboo@gmail.com', NULL, '$2y$10$m9fNpTgwyBVqqVfsJ9bXUensvx5iqlYhzqmL3khhSpKpgqNQnW0t2', 1, 'eXRJYaZCo6qXgGfTHiOFvShGWta2eLgaIhcBVfa9ppQnN5SFFH7yo516DQs1', '2019-08-08 02:32:54', '2019-08-08 01:39:52', '123 Street', 'Phnom Penh', 'PP', 'Cambodia', '12252', '010313234');
/*!40000 ALTER TABLE `users` ENABLE KEYS */;

/*!40101 SET SQL_MODE=IFNULL(@OLD_SQL_MODE, '') */;
/*!40014 SET FOREIGN_KEY_CHECKS=IF(@OLD_FOREIGN_KEY_CHECKS IS NULL, 1, @OLD_FOREIGN_KEY_CHECKS) */;
/*!40101 SET CHARACTER_SET_CLIENT=@OLD_CHARACTER_SET_CLIENT */;
